page,width,height,top_blank_px,bottom_blank_px,longest_internal_blank_px,longest_internal_blank_y0,longest_internal_blank_y1,occupied_span_ratio,dark_pixel_ratio,file
1,745,1053,19,65,7,124,130,0.9033,0.10183,workspace\_tmp\pdfs\layout_audit\second_pages\page-01.png
2,745,1053,18,0,34,892,925,0.9793,0.1268,workspace\_tmp\pdfs\layout_audit\second_pages\page-02.png
3,745,1053,20,0,19,757,775,0.977,0.20451,workspace\_tmp\pdfs\layout_audit\second_pages\page-03.png
4,745,1053,20,0,22,636,657,0.977,0.14786,workspace\_tmp\pdfs\layout_audit\second_pages\page-04.png
5,745,1053,38,40,36,591,626,0.9102,0.12566,workspace\_tmp\pdfs\layout_audit\second_pages\page-05.png
6,745,1053,34,0,66,447,512,0.9609,0.09457,workspace\_tmp\pdfs\layout_audit\second_pages\page-06.png
7,745,1053,22,0,18,739,756,0.9747,0.29966,workspace\_tmp\pdfs\layout_audit\second_pages\page-07.png
8,745,1053,48,7,71,647,717,0.9367,0.11708,workspace\_tmp\pdfs\layout_audit\second_pages\page-08.png
9,745,1053,29,0,34,188,221,0.9666,0.08008,workspace\_tmp\pdfs\layout_audit\second_pages\page-09.png
10,745,1053,20,0,19,707,725,0.977,0.11735,workspace\_tmp\pdfs\layout_audit\second_pages\page-10.png
11,745,1053,20,69,27,291,317,0.8976,0.09725,workspace\_tmp\pdfs\layout_audit\second_pages\page-11.png
12,745,1053,20,0,21,916,936,0.977,0.17,workspace\_tmp\pdfs\layout_audit\second_pages\page-12.png
13,745,1053,108,0,43,547,589,0.8757,0.13861,workspace\_tmp\pdfs\layout_audit\second_pages\page-13.png
14,745,1053,17,123,16,121,136,0.8389,0.07673,workspace\_tmp\pdfs\layout_audit\second_pages\page-14.png
15,745,1053,27,9,18,827,844,0.9586,0.27011,workspace\_tmp\pdfs\layout_audit\second_pages\page-15.png
16,745,1053,20,0,16,380,395,0.977,0.16868,workspace\_tmp\pdfs\layout_audit\second_pages\page-16.png
17,745,1053,17,23,16,121,136,0.954,0.13425,workspace\_tmp\pdfs\layout_audit\second_pages\page-17.png
18,745,1053,54,4,84,522,605,0.9333,0.18113,workspace\_tmp\pdfs\layout_audit\second_pages\page-18.png
19,745,1053,20,0,18,217,234,0.977,0.0944,workspace\_tmp\pdfs\layout_audit\second_pages\page-19.png
20,745,1053,31,0,26,496,521,0.9643,0.09644,workspace\_tmp\pdfs\layout_audit\second_pages\page-20.png
21,745,1053,20,31,21,174,194,0.9413,0.19959,workspace\_tmp\pdfs\layout_audit\second_pages\page-21.png
22,745,1053,20,1,17,222,238,0.9758,0.21473,workspace\_tmp\pdfs\layout_audit\second_pages\page-22.png
23,745,1053,20,0,18,332,349,0.977,0.15501,workspace\_tmp\pdfs\layout_audit\second_pages\page-23.png
24,745,1053,23,243,17,487,503,0.6939,0.12431,workspace\_tmp\pdfs\layout_audit\second_pages\page-24.png
25,745,1053,88,0,87,466,552,0.8987,0.13253,workspace\_tmp\pdfs\layout_audit\second_pages\page-25.png
26,745,1053,17,0,18,515,532,0.9804,0.16626,workspace\_tmp\pdfs\layout_audit\second_pages\page-26.png
27,745,1053,18,0,19,279,297,0.9793,0.16024,workspace\_tmp\pdfs\layout_audit\second_pages\page-27.png
28,745,1053,20,0,21,416,436,0.977,0.13285,workspace\_tmp\pdfs\layout_audit\second_pages\page-28.png
29,745,1053,20,0,18,124,141,0.977,0.08192,workspace\_tmp\pdfs\layout_audit\second_pages\page-29.png
30,745,1053,36,0,16,145,160,0.9586,0.10121,workspace\_tmp\pdfs\layout_audit\second_pages\page-30.png
31,745,1053,22,0,27,367,393,0.9747,0.08421,workspace\_tmp\pdfs\layout_audit\second_pages\page-31.png
32,745,1053,20,0,17,169,185,0.977,0.08144,workspace\_tmp\pdfs\layout_audit\second_pages\page-32.png
33,745,1053,21,0,27,331,357,0.9758,0.09342,workspace\_tmp\pdfs\layout_audit\second_pages\page-33.png
34,745,1053,22,0,27,781,807,0.9747,0.09272,workspace\_tmp\pdfs\layout_audit\second_pages\page-34.png
35,745,1053,24,23,17,403,419,0.9459,0.08354,workspace\_tmp\pdfs\layout_audit\second_pages\page-35.png
